sector,clinic_1,clinic_2,clinic_3,clinic_4,clinic_5,clinic_6,clinic_7,clinic_8,clinic_9,clinic_10,clinic_11,clinic_12,clinic_13,clinic_14,clinic_15,clinic_16,clinic_17,clinic_18,clinic_19,clinic_20,clinic_21,clinic_22,clinic_23,clinic_24,clinic_25,clinic_26,clinic_27,clinic_28
PS158,33.17,40.15,38.17,37.93,29.35,51.48,53.28,48,53.82,44.65,49.4,53.78,52.78,66.02,66.72,58.78,59.87,69.95,12.1,12.27,15.83,53.27,53.98,29.75,34.22,32.68,19.62,39.25
PS159,31.42,36.55,36.42,34.53,27.6,47.88,49.68,44.4,50.22,41.05,45.8,50.18,49.18,62.42,63.12,55.18,56.27,66.35,11.75,11.92,10.62,49.68,50.38,26.15,30.62,32.35,19.28,35.65
PS160,31.82,38.8,36.82,36.58,28,50.13,51.95,46.65,52.47,43.3,48.05,52.43,51.43,64.67,65.37,57.43,58.52,68.6,10.75,10.92,14.35,51.93,52.65,28.4,32.87,31.35,18.27,37.9
PS161,31.68,38.65,36.67,36.43,27.87,49.98,51.8,46.5,52.32,43.17,47.92,52.3,51.3,64.53,65.23,57.28,58.38,68.47,10.32,10.77,16.38,51.78,52.5,28.27,32.73,31.2,17.82,37.75
PS162,29.55,36.53,34.55,34.32,25.73,47.87,49.67,44.38,50.2,41.03,45.78,50.17,49.17,62.4,63.1,55.17,56.25,66.33,6.77,7.28,17.18,49.65,50.37,26.13,30.6,29.07,14.27,35.63
PS163,31.37,38.33,36.37,36.12,27.55,49.68,51.48,46.2,52.02,42.85,47.6,51.98,50.98,64.22,64.92,56.97,58.07,68.15,10.3,10.45,13.7,51.47,52.18,27.95,32.42,30.88,17.82,37.45
PS164,29.83,34.97,34.83,32.95,26.03,46.3,48.12,42.82,48.63,39.47,44.23,48.6,47.62,60.85,61.53,53.6,54.68,64.77,12.52,11.65,8.88,48.1,48.82,24.58,29.05,29.5,19.8,34.07
PS165,22.27,27.4,27.27,25.38,18.47,38.73,40.55,35.25,41.07,31.9,36.65,41.03,40.05,53.27,53.97,46.03,47.12,57.2,21.38,20.7,2.32,40.53,41.25,17,21.48,24.27,25.63,26.5
PS166,23.72,28.83,28.7,26.82,19.9,40.17,41.98,36.7,42.5,33.35,38.1,42.48,41.48,54.72,55.42,47.47,48.57,58.65,21.63,21.35,3.98,41.97,42.68,18.45,22.92,25.7,27.07,27.95
PS167,19.43,26.4,24.42,24.18,15.62,37.73,39.55,34.27,40.07,30.92,35.67,40.05,39.05,52.28,52.98,45.03,46.13,56.22,11.83,11.15,14.43,39.53,40.25,16.02,20.48,18.95,16.52,25.52
PS92,26.38,33.37,31.38,31.15,22.58,44.7,46.52,41.22,47.03,37.87,42.62,47,46.02,59.23,59.93,51,53.08,63.17,6.28,5.92,15.43,46.5,47.22,22.97,27.45,25.82,12.28,32.47
PS168,31.4,38.37,36.38,36.15,27.58,49.7,51.52,46.23,52.03,42.88,47.63,52.02,51.02,64.25,64.95,57,58.1,68.18,0.75,1.02,20.58,51.5,52.22,27.98,32.45,28.07,9.42,37.48
PS169,31.92,38.9,36.92,36.68,28.1,50.23,52.03,46.75,52.57,43.4,48.15,52.53,51.53,64.77,65.47,57.53,58.62,68.7,3.12,3.63,19.55,52.02,52.73,28.5,32.97,28.6,9.97,37
PS170,30.4,35.53,35.4,33.52,26.58,46.87,48.68,43.38,49.2,40.03,44.78,49.17,48.17,61.4,62.1,54.17,55.25,65.33,29.52,28.83,9.55,48.67,46.68,25.13,29.6,32.4,33.77,34.63
PS171,48.98,39.75,52.97,50.75,49.55,38.03,36.52,39.78,43.33,43.48,48.23,23.58,51.62,17.72,18.48,17.97,26.97,10.73,70.67,69.98,59.72,42.85,42.05,50.97,43.53,57.35,68.77,37.9
PS172,42.68,33.45,47.72,44.47,43.27,32.78,31.27,34.53,38.08,38.23,42.98,21.22,46.37,17.17,11.1,11.68,21.72,12.83,64.37,63.7,53.42,37.6,39.68,44.68,37.23,51.05,62.48,31.62
PS173,36.75,27.05,41.85,38.53,37.32,39.97,38.45,41.7,45.27,45.05,49.8,10.02,53.18,8.02,18.28,13.98,28.9,10.5,58.43,57.75,47.48,44.78,28.5,38.75,31.3,45.12,56.53,25.2
PS93,44.72,35.02,49.82,46.48,45.28,42.18,40.68,43.93,47.5,47.58,52.38,17.98,55.78,9.05,20.52,16.45,31.13,2.97,66.4,65.72,55.45,47.02,36.47,46.7,39.27,53.08,64.5,33.17
PS53,46.63,36.93,51.73,48.42,47.2,44.15,42.65,45.9,49.47,49.53,54.35,19.9,57.73,9.33,22.47,18.42,33.08,2.67,68.32,67.63,57.37,48.98,38.38,48.62,41.18,54,66.42,35.08
PS54,45.77,36.07,50.88,47.55,46.35,41.28,39.78,43.03,46.6,46.67,51.48,19.05,54.87,9.1,19.6,15.55,30.22,2.05,67.45,66.78,56.5,46.1,37.52,47.77,40.32,54.13,65.57,34.23
PS55,47.5,38.27,52.62,49.28,48.08,42.03,40.53,43.78,47.35,47.48,52.23,21.93,55.62,12.23,20.55,16.5,30.97,4.92,69.18,68.52,58.23,46.85,40.42,49.5,42.05,55.87,67.3,36.43
PS174,45.8,36.1,50.92,47.58,46.38,43.7,42.2,45.45,49.02,49.15,53.9,19.08,57.28,12.4,22.22,18.17,32.63,8.28,67.48,66.82,56.53,48.53,37.55,47.8,40.35,54.17,65.6,34.27
PS175,46.83,37.6,51.93,48.6,47.4,41.37,39.85,43.1,46.67,46.82,51.57,21.27,54.95,12.47,19.88,15.83,30.3,4.77,68.52,67.83,57.57,46.18,39.73,48.82,41.38,55.2,66.62,35.75
PS176,41.68,31.98,46.8,43.47,42.25,44.48,42.98,46.23,49.8,49.98,54.75,14.97,58.13,5.33,22.82,18.77,33.43,4.18,63.37,62.7,52.42,49.32,33.43,43.68,36.23,50.05,61.48,30.15
PS94,44.12,34.4,49.22,45.88,44.68,45.47,43.97,47.22,50.78,50.92,55.67,17.38,59.05,10.7,23.98,19.93,34.4,5.6,65.78,65.12,54.85,50.28,35.85,46.1,38.65,52.48,63.9,32.57
PS177,43.47,33.77,48.58,45.25,44.05,45.03,43.52,46.78,50.33,50.48,55.23,16.75,58.62,10.07,23.55,19.5,33.97,6.4,65.15,64.48,54.2,49.85,35.22,45.47,38.02,51.83,63.27,31.93
PS95,43.85,34.15,48.95,45.63,44.42,45.4,43.9,47.15,50.72,50.85,55.6,17.12,58.98,9.57,23.93,19.87,34.35,8.18,65.53,64.85,54.58,50.23,35.6,45.83,38.4,52.22,63.63,32.3
PS96,44.4,34.7,49.52,46.18,44.98,47.33,45.83,49.08,52.65,52.72,57.47,17.68,60.85,9.18,25.87,21.82,36.28,9.7,66.08,65.42,55.13,52.17,36.15,46.4,38.95,52.77,64.2,32.87
PS178,43.4,33.68,48.5,45.17,43.97,44.63,43.13,46.38,49.95,50.08,54.83,16.67,58.22,9.98,23.17,19.1,33.58,9.33,65.08,64.4,54.13,49.47,35.13,45.38,37.95,51.77,63.18,31.85
PS179,45.37,35.67,50.47,47.15,45.93,48.18,46.67,49.93,53.48,53.63,58.38,18.63,61.77,9.23,26.7,22.65,37.12,12.88,67.05,66.37,56.1,53,37.12,47.35,39.92,53.73,65.15,33.82
PS180,41.4,31.7,46.52,43.18,41.97,47.55,46.05,49.3,52.87,49.7,54.47,14.68,57.85,6.22,26.07,22.02,36.48,9.88,63.08,62.42,52.13,52.38,33.15,43.4,35.95,49.77,61.2,29.87
PS97,45.22,40.45,41.15,39.98,47.9,26.2,24.7,27.95,31.52,31.65,36.42,40.45,39.8,37.18,15.1,25.32,14.53,29.73,69,68.33,58.05,31.03,52.63,49.32,43.93,55.68,67.12,38.73
PS181,34.48,30.48,30.4,29.25,37.15,15.47,13.97,17.22,20.78,20.92,25.67,35.58,29.05,35.52,11.98,21.08,2.13,31.93,58.27,57.6,47.32,20.28,42.65,38.58,33.43,44.95,56.37,28.75
PS182,36.83,36.95,32.77,31.6,39.52,15.4,16.28,19.57,23.13,23.28,28.03,41.37,31.42,41.3,17.75,26.85,8.4,37.7,60.62,59.95,49.68,22.65,49.12,40.93,35.8,47.32,58.73,35.23
PS183,33.75,26.83,29.68,28.52,36.43,14.73,13.23,16.48,20.05,20.18,24.93,36.53,28.33,38.07,14.93,22.03,7.17,34.88,57.53,56.87,46.58,19.57,39,37.85,32.7,44.22,55.65,25.12
PS184,35.53,28.23,31.47,30.3,37.73,16.53,15.02,18.27,21.83,21.98,26.73,33.55,30.12,34.98,11.43,19.05,3.43,31.4,58.85,58.17,47.9,21.35,40.42,39.17,31.72,45.53,56.95,26.52
PS185,35.55,26.72,31.47,30.3,36.22,16.53,15.02,18.28,21.83,21.98,26.73,36.18,30.12,36.37,12.82,21.68,5.07,32.78,57.33,56.65,46.38,21.35,38.88,37.63,30.2,44.02,55.43,24
PS186,36.3,27.37,35.35,34.18,36.87,20.42,18.9,22.15,25.72,25.87,30.62,32.32,33,33.85,15.17,17.82,7.32,30.72,57.98,57.3,47.03,25.23,39.55,38.3,30.85,44.67,56.08,25.65
PS98,38.52,33.22,34.43,33.27,41.18,19.5,17,21.25,24.82,24.95,29.7,32.6,33.08,32.57,9.02,18.1,8.43,28.97,62.3,61.62,51.35,24.32,45.7,42.62,37,48.98,60.4,31.38
PS99,32.97,23.73,38.08,34.75,33.55,29.23,27.72,30.97,34.53,33.08,39.12,18.47,42.5,19,13.53,3.97,18.17,16.87,54.65,53.98,43.7,34.05,34.08,34.97,27.52,41.33,52.77,21.9
PS56,35.15,25.92,40.25,36.92,35.72,31.4,29.88,33.15,36.7,35.27,41.28,19.82,44.67,20.2,13.27,1.42,20.33,17.07,56.83,56.15,45.88,36.22,35.9,37.13,29.7,43.52,54.93,24.07
PS187,35.78,26.55,37.72,36.55,36.35,22.78,21.28,24.53,28.1,28.23,32.98,24.67,36.37,26.23,8.35,10.17,11.72,23.1,57.45,56.78,46.52,27.6,39.02,37.77,30.32,44.15,55.57,24.7
PS188,40.37,31.13,45.47,42.13,40.93,36.7,35.2,38.45,42.02,40.47,46.5,16.1,49.88,16.95,16.38,9.35,25.63,17.33,62.03,61.37,51.1,41.52,34.72,42.35,34.9,48.73,60.15,29.28
PS100,28.03,18.8,33.13,29.82,28.6,35.6,34.1,37.35,40.92,35.22,41.25,20.32,44.63,29.1,22.63,12.85,23.2,25.97,49.72,49.03,38.77,40.42,30.52,30.03,22.58,36.4,47.82,16.97
PS31,40.77,31.53,43.52,42.35,41.33,28.58,27.07,30.33,33.88,34.03,38.78,27.25,42.17,24.07,6.9,9.07,17.52,20.48,62.45,61.77,51.5,33.4,42.95,42.77,35.32,49.13,60.55,29.7
PS189,44.15,35.9,40.07,38.92,45.72,25.13,23.63,26.88,30.45,30.58,35.33,27.62,38.72,24.43,3.77,13.78,14.07,20.85,66.82,66.15,55.87,29.97,46.08,47.13,39.68,53.5,64.93,34.07
PS101,39.53,30.3,41.35,40.2,40.1,26.42,24.92,28.17,31.73,31.87,36.62,26.12,40,23.77,7.47,7.83,15.35,20.9,61.22,60.55,50.27,31.25,41.72,41.53,34.08,47.9,59.32,28.47
PS190,42.87,33.17,47.97,44.63,43.43,49.02,47.5,50.77,54.32,51.17,55.92,16.13,59.3,6.73,27.53,23.48,37.95,11.33,64.55,63.87,53.6,53.83,34.62,44.85,37.42,51.23,62.65,31.32
PS191,44,35.3,50.1,46.78,45.57,50.43,48.93,52.18,55.75,53.3,58.05,18.27,61.43,8.87,28.95,24.9,39.37,13.47,66.68,66,55.73,55.27,36.75,46.98,39.55,53.37,64.78,33.45
PS192,42.8,33.1,47.92,44.58,43.38,45.28,43.78,47.03,50.6,50.73,55.48,16.08,58.88,9.4,23.82,19.75,34.23,9.98,64.48,63.82,53.53,50.12,34.55,44.8,37.35,51.17,62.6,31.27
PS193,41.77,32.07,46.87,43.55,42.33,45.9,44.4,47.65,51.22,50.07,54.82,15.03,58.2,2.45,24.22,19.92,34.83,10.07,63.45,62.77,52.5,50.72,33.52,43.77,36.32,50.13,61.55,30.22
PS194,40.22,30.52,45.33,41,40.78,46.37,44.87,48.12,51.68,48.52,53.28,13.5,56.67,6.58,24.88,20.83,35.3,8.7,61.9,61.23,50.95,51.2,31.97,42.22,34.77,48.58,60.02,28.68
PS195,45.33,35.63,50.45,47.12,45.9,46.95,45.45,48.7,52.27,52.33,57.15,18.62,60.53,3.98,25.27,21.22,35.88,7.72,67.02,66.35,56.07,51.78,37.08,47.33,39.88,53.7,65.12,33.8
PS196,42.22,32.52,47.33,43,42.8,44.52,43,46.25,49.82,49.65,54.72,15.5,58.1,3.18,22.83,18.53,33.45,9.8,63.9,63.23,52.95,49.33,33.97,44.22,36.77,50.58,62.02,30.68
PS197,41.53,31.83,46.65,43.32,42.1,43.57,42.07,45.32,48.88,48.72,53.77,14.82,57.15,4.67,21.88,17.58,32.52,8.8,63.22,62.55,52.27,48.4,33.28,43.53,36.08,49.9,61.32,29
PS198,39.07,29.37,44.18,40.85,39.65,40.57,39.07,42.32,45.88,45.7,50.77,12.35,54.15,7,18.88,14.58,29.5,8.18,60.75,60.08,49.8,45.38,30.82,41.07,33.62,47.43,58.87,27.53
PS199,41.3,31.6,46.42,43.08,41.87,42.8,41.3,44.55,48.1,47.93,52,14.58,56.38,5.95,21.12,16.82,31.73,7.65,62.98,62.32,52.03,47.62,33.05,43.3,35.85,49.67,61.08,29.77
PS200,43.9,34.18,48,45.67,44.47,44.65,43.15,46.4,49.97,50.03,54.85,17.17,58.23,4.73,22.97,18.92,33.58,5.62,65.57,64.9,54.62,49.48,35.63,45.88,38.43,52.25,63.68,32.35
PS201,39.9,30.2,45,41.67,40.47,41.4,39.88,43.13,46.7,46.53,51.6,13.17,54.98,7.63,19.72,15.42,30.33,7.82,61.58,60.9,50.63,46.22,31.63,41.88,34.45,48.27,59.68,28.35
PS57,24.33,30.35,20.27,19.1,27.02,11.52,13.32,9.2,4.22,10.77,15.52,43,18.92,50.78,27.25,36.35,19.9,47.2,48.12,47.45,37.17,3.57,44.2,28.43,23.3,34.8,46.23,29.47
PS58,25.02,31.03,20.93,19.77,27.68,12.18,13,9.87,4.95,11.45,16.2,44.67,19.58,51.47,27.92,37.03,20.58,47.88,48.8,48.12,37.85,5.98,44.88,29.12,23.97,35.48,46.9,30.13
PS32,23.53,29.55,19.45,18.28,26.2,10.7,12.52,8.38,6.65,9.97,14.72,43.18,18.1,49.98,26.43,35.53,19.08,46.38,47.32,46.63,36.37,6.5,43.38,27.62,22.48,33,45.42,28.65
PS59,23.73,29.75,19.65,18.48,26.4,10.9,12.72,8.58,6.23,10.17,14.92,43.38,18.3,50.18,26.63,35.75,19.3,46.6,47.52,46.83,36.57,5.58,43.58,27.83,22.68,34.2,45.62,28.85
PS7,22,29.02,18.92,17.75,25.67,10.17,11.98,7.72,5.43,9.43,14.18,42.65,17.57,49.45,25.9,35.02,18.57,45.87,46.78,46.1,35.83,4.9,42.87,27.1,21.95,33.47,44.88,28.12
PS8,23.67,29.68,19.6,18.43,26.35,10.23,12.03,6.25,7.97,10.12,14.87,43.33,18.25,49.52,25.97,35.07,18.62,45.92,47.47,46.78,36.52,7.43,43.53,27.77,22.63,34.15,45.57,28.8
PS3,24.08,30.1,20.02,18.85,26.77,11.27,13.07,8.95,6.55,10.52,15.27,43.75,18.67,50.53,26,36.1,19.65,46.95,47.87,47.2,36.92,6.02,43.95,28.18,23.03,34.55,45.98,29.2
PS17,21.58,27.6,17.52,16.35,24.27,12.42,14.23,8.43,14.77,6.63,11.45,41.25,14.83,51.7,28.15,37.25,20.8,48.1,45.38,44.7,34.43,14.27,41.45,25.68,20.55,32.07,43.48,26.72
PS18,23.95,29.97,19.88,18.72,26.63,10.33,12.15,6.37,9.42,10.4,15.15,43.62,18.53,49.62,26.07,35.18,18.73,46.03,47.75,47.07,36.8,8.87,43.82,28.05,22.92,34.43,45.85,29.08
PS19,24.2,30.22,20.13,18.97,26.88,10.05,11.87,6.07,7.65,10.65,15.4,43.87,18.78,49.33,25.78,34.88,18.43,45.73,47,47.32,37.05,7.1,44.07,28.3,23.17,34.68,46.1,29.33
PS1,25.65,31.67,21.58,20.42,28.33,10.07,11.87,8.38,5.3,12.08,16.85,45.32,20.23,49.35,25.8,34.9,18.45,45.75,49.43,48.77,38.48,4.77,45.52,29.75,24.62,36.13,47.55,30.78
PS2,28.43,34.45,24.35,23.18,31.1,14.28,16.08,12.6,2.35,14.87,19.62,48.08,22,53.57,30.02,39.12,22.67,49.97,52.22,51.53,41.27,6.03,48.28,32.52,27.38,38.9,50.32,33.55
PS6,25.98,32,21.92,20.75,28.67,10.4,12.22,8.72,3.5,12.43,17.18,45.65,20.57,49.68,26.13,35.23,18.78,46.08,49.78,49.1,38.83,1.47,45.85,30.08,24.95,36.47,47.88,31.12
PS4,29.52,35.53,25.43,24.28,32.18,13.82,15.62,12.13,1.95,15.95,20.7,49.17,24.08,53.08,29.55,38.65,22.2,49.5,53.3,52.63,42.35,5.57,49.38,33.62,28.47,39.98,51.4,34.63
PS9,25.73,31.75,21.65,20.5,28.4,12.9,14.72,10.6,3.4,12.17,16.92,45.38,20.3,52.18,28.63,37.75,21.3,48.6,49.52,48.85,38.57,4.38,45.6,29.83,24.68,36.2,47.62,30.85
PS20,27.85,33.87,23.78,22.62,30.53,15.03,16.85,12.72,3.6,14.3,19.05,47.52,22.43,54.32,30.77,39.87,23.42,50.72,51.65,50.97,40.7,6.72,47.72,31.95,26.82,38.33,49.75,32.98
PS33,25.48,31.5,21.42,20.25,28.17,12.67,14.48,10.35,4.82,11.93,16.68,45.15,20.07,51.95,28.4,37.5,21.05,48.35,49.27,48.6,38.33,6.47,45.35,29.58,24.45,35.97,47.38,30.62
PS21,25.67,31.68,21.58,20.42,28.33,12.83,14.65,10.52,4.95,12.1,16.85,45.32,20.23,52.12,28.57,37.67,21.22,48.52,49.45,48.77,38.5,4.3,45.52,29.75,24.62,36.13,47.55,30.78
PS60,21.38,27.4,17.32,16.15,24.07,5.87,7.68,4.12,7.68,7.82,12.58,41.05,15.97,45.15,21.6,30.72,14.27,41.57,45.17,44.5,34.22,7.2,41.25,25.48,20.35,31.87,43.28,26.52
PS22,24.75,30.77,20.67,19.5,27.42,9.1,10.38,5.05,11.45,11.18,15.93,44.4,19.32,47.85,24.3,33.42,16.97,44.27,48.53,47.85,37.58,10.97,44.6,28.83,23.7,35.22,46.63,29.87
PS23,20.43,26.45,16.37,15.2,23.12,6.62,8.43,2.63,8.97,6.88,11.63,40.1,15.02,45.9,22.35,31.45,15,42.3,44.22,43.55,33.28,8.47,40.3,24.53,19.4,30.92,42.33,25.57
PS24,20.68,26.7,16.6,15.43,23.35,7.53,9.35,4.07,9.88,7.12,11.87,40.33,15.25,46.82,23.27,32.38,15.93,43.23,44.47,43.78,33.52,9.33,40.53,24.77,19.63,31.15,42.57,25.8
PS202,30.33,24.32,26.27,25.1,33.02,15.92,10.12,17.08,21.27,16.73,21.48,36.35,24.87,42.57,19.42,26.53,12.08,39.38,54.12,53.45,43.18,20.78,36.48,34.43,24.47,40.82,52.23,22.6
PS34,27.45,33.47,23.38,22.22,30.13,9.68,4.98,7.75,14.52,13.9,18.65,44.9,22.03,47.78,24.23,33.33,16.88,44.18,51.25,50.57,40.3,14.03,45.03,31.55,26.42,37.93,49.35,31.13
PS61,29.72,25.02,25.65,24.48,32.4,14.98,8.15,15.4,19.82,16.12,20.87,37.07,24.25,44.17,24.27,28.13,16.93,41.03,53.5,52.83,42.57,19.33,37.2,33.82,25.17,40.2,51.62,23.3
PS62,27.28,32.6,23.22,22.05,29.97,8.75,2.03,10.02,13.58,13.72,18.48,44.43,21.87,44.37,20.83,29.93,13.48,40.78,51.07,50.4,40.12,13.1,44.77,31.38,26.25,37.75,49.18,30.88
PS63,24.25,30.27,20.18,19.02,26.93,5.18,4.17,6.98,10.55,10.68,15.45,41.83,18.83,41.77,18.22,27.33,10.88,38.18,48.03,47.37,37.08,10.07,44.12,28.35,23.22,34.73,46.15,29.38
PS64,33.98,27.95,29.9,28.73,36.65,16.8,11,18.6,22.15,20.37,25.13,39,28.52,42.48,20.3,26.45,12.97,39.35,57.77,57.08,46.82,21.67,40.13,38.08,28.1,44.45,55.87,26.23
PS65,27.8,32.67,23.73,22.57,30.48,8.75,3.42,10.53,14.1,14.23,18,41.17,22.38,41.1,17.57,26.67,10.22,37.52,51.58,50.92,40.63,13.62,44.83,31.9,26.77,38.27,49.7,30.95
PS25,27,32.38,23.92,22.75,30.67,8.55,5.93,10.73,14.3,14.43,19.18,41.2,22.57,41.13,17.58,26.68,10.25,37.53,51.78,51.1,40.83,13.8,44.55,32.1,26.95,38.47,49.88,30.67
PS102,24.85,30.87,20.77,19.6,27.52,4.87,8.35,7.58,11.13,11.28,16.03,44.5,19.42,45.83,22.28,31.38,14.93,42.23,48.63,47.95,37.68,10.65,44.7,28.93,23.8,35.32,46.73,29.97
PS35,25.12,31.13,21.05,19.88,27.78,1.25,8.73,7.85,11.42,11.55,16.3,44.78,19.68,46.35,22.8,31.9,15.45,42.75,48.9,48.23,37.95,10.93,44.98,29.22,24.07,35.58,47.02,30.23
PS36,22.43,28.45,18.37,17.2,25.12,3.85,5.95,5.17,8.73,8.87,13.63,42.1,17.02,43.42,19.87,28.98,12.53,39.83,46.22,45.55,35.27,8.25,42.3,26.53,21.4,32.9,44.33,27.57
PS37,27.4,33.42,23.32,22.17,30.07,5.75,8.5,10.13,13.7,13.83,18.58,46.17,21.97,46.1,22.55,31.67,15.22,42.52,51.18,50.52,40.23,13.22,47.27,31.5,26.35,37.87,49.28,32.52
PS38,28.13,34.17,24.07,22.9,30.82,3.27,10.45,10.87,14.43,14.58,19.33,45.35,22.72,45.28,21.73,30.83,14.4,41.68,51.93,51.25,40.98,13.95,48,32.23,27.1,38.62,50.03,33.27
PS203,30.32,36.33,26.25,25.08,32,6.38,9.75,13.05,16.62,16.75,21.5,44.1,24.9,44.03,20.48,29.58,13.15,40.43,54.1,53.43,43.15,16.13,49.67,34.42,29.27,40.78,52.22,35.43
PS103,26.33,32.35,22.25,21.1,29,5.83,10.17,9.07,12.63,12.77,17.52,45.98,20.9,47.63,24.08,33.18,16.73,44.03,50.12,49.45,39.17,12.13,46.2,30.43,25.28,36.8,48.22,31.45
PS204,32.35,38.37,28.27,27.1,35.02,11.85,16.17,15.08,18.63,18.78,23.53,52,26.92,53.63,30.1,39.2,22.75,50.05,56.13,55.45,45.18,18.15,52.2,36.43,31.3,42.82,54.23,37.47
PS104,27,33.02,22.93,21.77,29.68,6.48,10.83,9.73,13.3,13.45,18.2,46.67,21.58,48.3,24.75,33.87,17.42,44.72,50.8,50.12,39.85,12.82,46.87,31.1,25.97,37.48,48.9,32.13
PS105,36.63,42.65,32.57,31.4,39.32,16.12,20.47,19.37,22.93,23.08,27.83,56.3,31.22,57.93,34.38,43.5,27.05,54.35,60.43,59.75,49.48,22.45,56.5,40.73,35.6,47.12,58.53,41.77
PS26,28.92,34.93,24.85,23.68,31.6,22.57,24.38,19.08,24.9,13.45,7.57,48.58,4.23,60.82,38.3,47.02,30.95,58.25,52.7,52.03,41.77,24.37,48.78,33.02,27.88,39.4,50.82,34.05
PS39,28.62,34.63,24.55,23.38,31.3,22.27,24.07,18.78,24.6,13.15,6.33,48.28,2.2,60.52,37,46.7,30.65,57.95,52.4,51.73,41.45,24.05,48.48,32.72,27.57,39.08,50.52,33.73
PS12,26.65,32.67,22.58,21.42,29.33,20.3,22.12,16.82,22.63,11.18,5.3,46.32,1.63,58.55,36.03,44.75,28.68,55.98,50.43,49.77,39.48,22.1,46.52,30.75,25.62,37.12,48.55,31.78
PS10,25.15,31.17,21.08,19.92,27.83,18.8,20.62,15.32,21.13,9.68,3.8,44.82,4.9,57.05,34.53,43.25,27.2,54.48,48.95,48.27,37,20.6,45.02,29.25,24.12,35.63,47.05,30.28
PS13,21.9,27.92,17.83,16.67,24.58,15.55,17.37,12.07,17.88,6.43,2.57,41.57,7.32,53.8,31.28,39,23.93,51.23,45.68,45.02,34.75,17.35,41.77,26,20.87,32.38,43.8,27.03
PS66,25.98,32,21.92,20.75,28.67,19.63,21.45,16.15,21.97,10.52,3.28,45.65,2.37,57.88,35.37,44.08,28.03,55.32,49.78,49.1,38.83,21.43,45.85,30.08,24.95,36.47,47.88,31.12
PS40,24.87,30.88,20.78,19.63,27.53,18.5,20.32,15.03,20.85,9.38,1.57,44.52,5.3,56.75,34.23,42.95,26.9,54.2,48.65,47.98,37.7,20.3,44.73,28.97,23.82,35.33,46.75,29.98
PS41,19.2,25.22,15.13,13.97,21.87,14.17,15.97,10.68,16.5,4,6.82,38.87,12.18,51.1,29.9,37.58,22.55,49.85,42.98,42.32,32.03,15.95,39.07,23.3,18.15,29.67,41.1,24.32
PS106,22.13,28.15,18.07,16.9,24.82,19.6,21.42,16.12,21.93,9.98,5.67,41.8,9.5,54.03,35.33,43.55,27.98,55.28,45.92,45.25,34.98,21.4,42,26.23,21.1,32.62,44.03,27.27
PS67,17.25,23.27,13.18,12.02,19.93,17.08,18.9,13.6,19.42,6.92,7.02,36.92,12.38,49.15,32.82,40.5,25.47,52.77,41.03,40.37,30.08,18.88,37.12,21.35,16.2,27.72,39.15,22.37
PS68,16.78,22.8,12.72,11.55,19.47,17.72,19.52,14.23,20.05,8.47,8.87,36.45,14.23,48.68,33.43,41.43,26.1,52.62,40.57,39.9,29.62,19.5,36.65,20.88,15.73,27.25,38.68,21.9
PS107,17.93,23.95,13.85,12.68,20.6,14.63,16.45,11.15,16.97,4.47,8.15,37.58,12.8,49.82,30.37,38.05,23.02,50.32,41.72,41.03,30.77,16.43,37.78,22.02,16.88,28.4,39.82,23.05
PS69,20.23,26.25,16.15,14,22.9,17.62,19.43,14.15,19.97,8.53,14.25,39.88,18.17,50.2,33.35,34.17,26.02,47.07,44.02,43.35,33.07,19.42,40.1,24.33,19.18,30.7,42.12,25.35
PS108,12,19.02,8.93,7.77,15.67,13.52,15.32,10.03,15.85,6.68,11.43,32.65,14.82,44.9,29.25,37.65,21.9,48.82,36.78,36.12,25.83,15.32,32.87,17.1,11.95,23.47,34.9,18.12
PS70,19.33,25.35,15.25,14.08,21,12.97,14.78,9.5,15.3,3.85,4.75,38.98,7.85,51.22,28.7,37.42,21.37,48.67,43.12,42.43,32.17,14.77,39.18,23.42,18.28,29.8,41.22,24.45
PS71,19.47,25.48,15.4,14.23,22.15,12.8,14.62,9.32,15.13,2.15,8.03,39.13,11.43,50.82,28.53,34.78,21.18,47.68,43.25,42.58,32.3,14.6,39.33,23.57,18.43,29.95,41.37,24.6
PS42,18.8,24.82,14.72,13.57,21.47,12.13,13.22,8.65,14.47,3.85,8.65,38.45,12.03,50.7,27.87,36.5,20.52,47.82,42.58,41.92,31.63,13.93,38.67,22.9,17.75,29.27,40.7,23.92
PS72,22.62,28.63,18.53,17.38,25.28,11.67,13.48,7.68,14.02,7.67,12.47,42.27,15.85,50.95,27.4,36.5,20.05,47.35,46.4,45.73,35.45,13.52,42.48,26.72,21.57,33.08,44.52,27.73
PS205,19.58,25.6,15.52,14.35,22.27,13.5,15.32,10.02,15.83,4.42,10.65,39.25,14.03,51.48,29.23,35.48,21.88,48.38,43.37,42.7,32.42,15.3,39.45,23.68,18.55,30.05,41.48,24.72
PS206,23.62,29.63,19.53,18.37,26.28,13.6,9.1,7.77,16.3,10,14.77,43.6,18.15,50.72,27,34.68,20.65,47.58,47.4,46.72,36.45,15.82,43.73,27.72,22.57,34.08,45.5,28.73
PS207,39.1,29.4,44.22,40.88,39.68,53.7,52.18,50.77,56.57,47.42,52.17,11.02,55.55,12.32,32.02,25.72,42.63,19.95,60.78,60.12,49.83,56.03,30.85,41.1,33.65,47.47,58.9,27.57
PS208,43.22,33.52,48.33,44,43.78,58.35,57.35,54.87,60.68,51.52,56.28,15.13,59.67,21.48,40.02,31.83,47.8,29.12,64.9,64.23,53.95,60.15,34.97,45.22,37.77,51.58,63.02,31.68
PS209,44.4,34.7,49.5,46.17,44.97,59.48,57.98,56.05,61.87,52.7,57.45,16.3,60.83,18.12,37.8,31.5,48.42,25.73,66.08,65.4,55.13,61.32,36.15,46.38,38.95,52.77,64.18,32.85
PS210,48.05,35.75,53.15,49.82,48.62,63.18,62.2,59.7,65.52,56.35,61.1,19.95,64.48,29.9,45.35,36.68,52.65,37.12,69.73,69.05,58.78,64.97,32.88,50.03,42.6,56.42,67.83,36.07
PS211,43.87,31.57,48.97,45.63,44.43,58.98,58.82,55.52,61.32,52.17,56.92,23.37,60.3,33.95,49.5,40.63,54.45,41.27,65.53,64.87,54.6,60.78,30.17,45.85,38.4,52.23,63.65,31.88
PS212,42.67,30.38,47.78,44.45,43.23,57.8,57.63,54.32,60.13,50.97,55.73,20.8,59.12,31.62,46.92,38.07,53.27,38.7,64.35,63.68,53.4,59.6,28.98,44.67,37.22,51.03,62.47,30.7
PS213,38.48,26.2,43.58,40.27,39.05,53.62,53.45,50.13,55.95,46.78,51.53,14.6,54.92,28.57,40.73,31.87,47.83,32.5,60.17,59.5,49.22,55.42,24.8,40.48,33.03,46.85,58.27,26.5
PS214,42.35,30.07,47.47,44.13,42.92,57.48,57.32,54,59.82,50.65,55.42,31.25,58.8,45.22,57.38,47.93,52.95,49.15,64.03,63.37,53.08,59.28,18.1,42.18,36.9,50.72,62.13,30.37
PS215,34.42,22.13,39.53,36.2,34,49.55,49.38,46.07,51.88,42.73,47.48,16.57,50.87,30.53,42.68,33.83,45.02,34.47,56.1,55.43,45.15,51.35,20.73,36.42,28.97,42.78,54.22,22.45
PS216,37.42,25.13,42.53,39.2,37.98,52.55,52.38,49.07,54.88,45.72,50.47,13.57,53.87,27.53,39.7,30.85,46.8,31.47,59.1,58.43,48.15,54.35,21.55,39.42,31.97,45.78,57.2,25.43
PS217,34.75,22.45,39.85,36.52,35.32,49.87,49.7,46.4,52.2,43.05,47.8,23.83,51.18,37.8,49.95,40.33,45.33,41.73,56.42,55.75,45.47,51.67,12.32,36.73,29.28,43.1,54.53,22.77
PS73,31.25,21.55,36.35,33.03,31.82,43.02,41.5,42.9,48.32,39.55,44.3,3.45,47.68,16.37,27.32,15.98,31.95,20.3,52.93,52.25,41.98,47.83,22,33.25,25.8,39.62,51.03,19.7
PS109,29.18,19.48,34.28,30.97,29.75,44.32,43.32,40.83,46.65,37.48,42.23,1.63,45.62,14.3,26.45,17.8,33.75,18.23,50.87,50.18,39.92,46.1,20.93,31.17,23.73,37.55,48.97,17.63
PS43,32.87,23.15,37.97,34.63,33.43,47.98,46.98,44.52,50.32,41.17,45.92,3.12,49.3,17.98,30.13,21.47,37.43,21.92,54.53,53.87,43.58,49.78,24.6,34.85,27.4,41.22,52.65,21.32
PS218,32.57,22.87,37.67,34.33,33.13,47.65,46.15,44.22,50.03,40.87,45.62,3.37,49,18.48,30.63,20.63,36.58,22.42,54.25,53.57,43.3,49.48,24.3,34.55,27.12,40.93,52.35,21.02
PS110,31.15,21.45,36.27,32.93,31.73,45.45,43.93,42.82,48.62,39.47,44.22,3.12,47.6,16.28,28.43,18.42,34.38,20.2,52.83,52.17,41.88,48.08,22.9,33.15,25.7,39.52,50.95,19.62
PS111,32.22,22.52,37.32,33.98,32.78,47.3,45.8,43.87,49.68,40.52,45.27,2.52,48.65,17.68,29.85,20.28,36.23,21.62,53.9,53.22,42.95,49.13,23.95,34.2,26.77,40.58,51,20.67
PS14,27.47,17.75,32.57,29.23,28.03,42.58,42.5,39.12,44.92,35.77,40.52,7.43,43.9,20.73,30.68,20.45,35.32,24.67,49.13,48.47,38.2,44.38,19.2,29.45,22,35.83,47.25,15.92
PS74,28.67,18.95,33.77,30.43,29.23,43.78,43.7,40.32,46.13,36.97,41.72,6.62,45.1,20.7,32.73,22.5,37.37,24.63,50.35,49.67,39.4,45.58,20.4,30.65,23.22,37.03,48.45,17.12
PS44,30.82,21.12,35.92,32.6,31.38,45.95,45.85,42.47,48.28,39.12,43.87,4.55,47.25,18.22,30.38,20.37,36.33,22.15,52.5,51.82,41.55,47.75,22.57,32.82,25.37,39.18,50.6,19.27
PS219,30.45,20.73,35.55,32.22,31.02,45.57,45.48,42.1,47.9,38.75,43.5,9.82,46.88,23.72,35.87,26.67,41.12,27.65,52.13,51.45,41.18,47.37,21.93,32.43,24,38.82,50.23,18.9
PS112,31.82,22.12,36.93,33.6,32.4,46.95,46.87,43.47,49.28,40.13,44.88,5.95,48.27,20.57,32.72,23.22,39.18,24.48,53.5,52.83,42.55,48.75,23.3,33.82,26.37,40.18,51.62,20.28
PS220,36.48,26.77,41.58,38.25,37.05,47.33,45.83,48.13,52.65,44.78,49.53,9.75,52.92,13.72,25.88,19.07,36.27,17.65,58.17,57.48,47.22,52.15,28.22,38.47,31.03,44.85,56.27,24.93
PS75,34.02,24.3,39.12,35.78,34.58,49.13,48.13,45.67,51.47,42.32,47.07,5.92,50.45,19.13,31.28,22.62,38.58,23.07,55.68,55.02,44.73,50.93,25.75,35,28.55,42.37,53.8,22.47
PS11,31.42,21.72,36.52,33.2,31.98,46.55,45.55,43.07,48.88,39.72,44.47,3.32,47.85,16.53,28.7,20.03,35.98,20.47,53.1,52.42,42.15,48.35,23.17,33.42,25.97,39.78,51.2,19.87
PS221,31.93,22.23,37.05,33.72,32.5,40.92,39.42,42.67,46.23,40.23,44.98,8.58,48.38,21.52,25.23,14,29.85,25.45,53.62,52.95,42.67,45.75,23.68,33.93,26.48,40.3,51.72,20.4
PS222,29.47,18.58,34.58,31.25,30.05,44.6,44.43,41.13,46.93,37.78,42.53,11.88,45.92,24.12,35.25,25.02,39.88,28.05,51.15,50.48,40.2,46.4,17.8,31.47,24.02,37.83,49.27,17.85
PS113,41.35,31.65,46.45,43.13,41.92,56.48,55.3,53,58.82,49.65,54.4,12.52,57.78,26.47,38.63,29.78,45.75,30.4,63.03,62.37,52.08,58.28,30.55,43.35,35.9,49.72,61.13,29.82
PS223,41.42,31.72,46.53,43.2,41.98,56.55,55.55,53.07,58.88,49.72,54.47,13.33,57.87,26.53,38.7,30.03,45.98,30.47,63.1,62.43,52.15,58.35,29.1,43.42,35.97,49.78,61.2,29.88
PS114,32.78,23.08,37.88,34.55,33.35,47.92,47.82,44.43,50.25,41.08,45.83,8.07,49.22,22.03,34.18,25.33,41.3,25.97,54.47,53.78,43.52,49.7,24.27,34.77,27.33,41.15,52.57,21.23
PS224,36.4,26.7,41.5,38.18,36.97,52.08,50.58,48.05,53.87,44.7,49.45,8.3,52.83,16.05,30.63,23.82,41.02,22.47,58.08,57.4,47.13,53.33,28.15,38.4,30.95,44.77,56.18,24.85
PS225,39.38,29.68,44.5,41.17,39.95,49.93,48.42,51.03,55.23,47.68,52.45,12.62,55.83,8.55,28.25,21.98,38.87,16.18,61.07,60.4,50.12,54.75,31.13,41.38,33.93,47.75,59.17,27.85
PS115,34.77,25.07,39.88,36.55,35.33,43.45,41.93,45.18,48.75,43.07,47.83,7.23,51.22,13.07,25.23,15.18,32.38,17.45,56.45,55.78,45.5,48.27,26.52,36.77,29.32,43.13,54.57,23.23
PS226,26.25,13.97,31.37,28.03,26.83,41.38,41.22,37.92,43.72,34.57,39.32,17.88,42.7,30.12,41.8,31.85,36.85,34.05,47.93,47.27,36.98,43.18,8.8,28.25,20.8,34.62,46.05,14.28
PS116,41.6,32.3,46.7,43.37,42.17,37.57,36.07,39.32,42.88,41.72,47.77,15.27,51.15,12.63,15.88,10.58,26.5,14.57,63.27,62.6,52.33,42.38,33.73,43.58,36.13,49.97,61.38,30.45
PS277,2.07,17.62,7.78,5.02,9.25,25.42,27.23,21.93,27.75,18.58,23.33,31.25,26.73,43.48,41.15,36.25,33.8,47.42,34.02,33.33,23.82,27.22,31.45,15.02,10.45,18.57,30.62,16.72
PS76,3.05,18.2,5.48,6.8,7.95,25,26.82,21.53,27.35,18.18,22.93,31.85,26.32,44.08,40.73,36.83,33.4,48.02,32.7,32.03,22.5,26.8,32.05,13.7,12.2,17.27,29.3,17.32
PS227,4.92,19.72,7.25,9.57,6.93,26.77,28.57,23.28,29.1,19.93,24.68,33.37,28.07,45.6,42.5,38.35,35.15,49.53,31.7,31.03,21.5,28.57,33.57,12.7,13.8,16.25,28.3,18.83
PS15,4.6,19.75,6.18,8.52,8.28,25.7,27.52,22.22,28.03,18.88,23.63,33.4,27.02,45.63,41.43,38.38,34.1,49.57,33.05,32.37,22.83,27.5,33.6,14.03,13.75,17.6,29.65,18.85
PS117,8.53,22.63,4.8,6.27,13.1,25.02,26.83,21.53,27.35,18.18,22.93,36.27,26.32,48.5,40.75,41.25,33.4,52.43,37.85,37.18,27.65,26.82,36.47,18.85,15.45,22.42,34.45,21.73
PS27,2.4,15.87,9.12,6.17,7.97,24.87,26.68,21.38,27.2,18.05,22.8,29.5,26.18,41.73,40.6,34.5,33.27,45.67,33.13,32.47,22.93,26.67,29.72,14.13,8.77,17.7,29.75,14.97
PS278,1.7,16.85,6.87,6.37,6.05,26.37,28.18,22.9,28.72,19.55,24.3,30.48,27.68,42.72,42.1,35.48,34.77,46.65,30.8,30.13,20.6,28.17,30.7,11.8,10.85,15.37,27.42,15.95
PS228,11.47,23.73,16.2,16.2,10,35.07,36.88,31.6,37.42,28.25,32,37.38,36.38,49.62,50.32,42.37,43.47,53.55,34.77,34.1,24.57,36.87,37.58,15.77,17.82,19.33,31.38,22.85
PS118,3.37,17.47,9.15,8.67,5.47,28.55,30.37,25.07,30.88,21.72,26.48,31.1,29.87,43.33,44.03,36.1,36.95,47.27,30.23,29.55,20.02,30.35,31.3,11.22,11.53,14.78,26.83,16.57
PS5,2.02,16.8,8.05,7.55,5.72,27.28,29.1,23.8,29.62,20.45,25.2,30.45,28.58,42.68,43.02,35.43,35.67,46.62,30.47,29.8,20.27,29.08,30.65,11.47,10.88,15.03,27.08,15.92
PS45,5.1,16.72,10.9,10.2,3.1,29.12,30.93,25.63,31.45,22.28,27.03,30.35,30.42,42.58,43.28,35.33,37.5,46.52,29.43,28.75,19.22,30.92,30.55,10.42,10.78,13.98,26.03,15.82
PS229,5.32,17.03,10.3,10.07,3.25,28.37,30.18,24.88,30.7,21.55,26.3,30.68,29.68,42.92,43.62,35.67,36.77,46.85,28.07,27.4,17.87,30.17,30.88,9.07,11.12,12.63,24.67,16.13
PS28,6.08,15.8,11.87,11.05,2.5,28.42,30.23,24.95,30.77,21.6,26.35,29.43,29.73,41.68,42.37,34.43,36.82,45.6,28.93,28.27,18.73,30.22,29.65,9.93,9.88,13.5,25.55,14.9
PS230,5.32,15.25,11.4,10.47,4.63,27.85,29.65,24.37,30.18,21.02,25.77,28.9,29.15,41.13,41.83,33.88,36.23,45.07,31.08,30.4,20.87,29.63,29.1,12.07,9.33,15.63,27.68,14.37
PS231,5,17.45,10,10.75,2.37,29.05,30.87,25.58,31.4,22.23,26.98,31.1,30.37,43.33,44.03,36.08,37.45,47.27,28.75,28.08,18.55,30.85,31.3,9.75,11.53,13.32,25.37,16.57
PS232,10.73,15.9,15.73,13.88,6.38,27.23,29.05,23.75,29.57,20.4,25.17,29.55,28.55,41.78,42.48,34.53,35.63,45.7,28.08,27.42,17.13,29.03,29.75,7,9.98,14.72,26.2,15
PS233,4.7,13.23,10.55,5.43,8.92,22.17,23.98,18.7,24.5,15.35,20.1,26.87,23.48,39.1,37.9,31.87,30.57,43.03,31,30.33,20.05,23.97,27.08,11.32,6.07,17.68,29.1,12.33
PS46,5.48,12.48,11.58,8.32,6.67,25.02,26.82,21.53,27.35,18.18,22.93,26.12,26.32,38.37,39.05,31.12,33.4,42.28,33.12,32.45,22.88,26.8,26.33,12.23,6.57,17.68,29.72,11.58
PS77,7.13,17.25,12.13,11.9,1.05,28.58,30.4,25.12,30.93,21.77,26.52,30.9,29.9,43.13,43.83,35.88,36.98,47.07,28.3,27.62,18.08,30.38,31.1,9.28,11.33,12.85,24.9,16.37
PS78,8.1,17.33,13.27,13.27,2.35,28.67,30.48,25.18,31,21.83,26.6,30.97,29.98,43.22,43.9,35.97,37.05,47.13,29.12,28.43,18.17,30.47,31.18,8.87,11.42,13.98,26.03,16.43
PS79,6.37,14.15,12.47,9.4,4.13,26.77,28.58,23.3,29.1,19.95,24.7,27.78,28.08,40.02,40.72,32.78,35.17,43.95,30.57,29.9,20.37,28.57,27.98,11.57,8.22,15.13,27.18,13.25
PS119,9.08,13.52,15.18,11.5,10.28,27.07,28.88,23.6,29.4,20.25,24,27.15,28.38,39.38,40.08,32.15,35.13,43.32,33.8,33.12,22.85,28.87,27.37,9.52,7.58,20.42,31.9,12.62
PS80,11.03,16.88,16.52,14.07,6.1,28.22,30.03,24.73,30.55,21.38,26.13,30.52,29.52,42.75,43.45,35.52,36.6,46.68,29.07,28.4,18.12,30.02,30.73,7.98,10.95,15.52,27.18,15.98
PS47,8.18,17.27,13.17,12.93,3.4,28.6,30.42,25.13,30.95,21.78,26.53,30.92,29.92,43.15,43.85,35.9,36,47.08,29.05,28.37,18.1,30.4,31.12,9.3,11.35,13.93,25.98,16.38
PS81,3.28,14.67,9,6.28,8.02,24.97,26.78,21.48,27.3,18.13,22.88,28.3,26.27,40.53,40.7,33.3,33.35,44.47,33.52,32.85,22.85,26.77,28.52,14.1,8.73,18.07,30.12,13.77
PS29,2.5,15.47,9.22,5.92,8.32,24.6,26.42,21.12,26.93,17.77,22.52,29.12,25.9,41.35,40.33,34.1,32.98,45.28,33.48,32.8,22.48,26.4,29.32,13.73,8.48,18.03,30.08,14.57
PS82,4.33,14.92,10.43,6.33,8.28,24.05,25.87,20.58,26.38,17.23,21.98,28.57,25.37,40.8,39.78,33.55,32.45,44.73,32.88,32.22,21.93,25.85,28.77,13.2,7.95,19.28,30.98,14.03
PS48,3.25,18.68,8.03,4.15,9.43,24.55,26.37,21.07,26.88,17.72,22.47,32.33,25.85,44.57,40.28,37.32,32.93,48.5,34.2,33.52,23.98,26.35,32.53,15.18,11.52,18.75,30.8,17.8
PS49,5.63,14.62,9.18,4.02,9.93,23.55,25.37,20.08,25.9,16.73,21.48,28.27,24.87,40.5,39.28,33.25,31.95,44.42,32.38,31.72,21.43,25.35,28.47,12.7,7.45,19.07,30.5,13.72
PS120,6.58,15.57,10.45,4.65,10.88,23.37,25.18,19.88,25.7,16.53,21.28,29.22,24.67,41.45,39.1,34.2,31.75,45.38,33.33,32.67,22.4,25.17,29.42,13.65,8.4,20.03,31.45,14.68
PS121,5.22,16.15,8.45,2.67,11.07,22.77,24.57,19.28,25.1,15.93,20.68,29.8,24.07,42.03,38.48,34.78,31.15,45.97,33.92,33.25,22.97,24.55,29,14.23,8.98,20.6,32.03,15.25
PS83,9.4,15.67,8.22,3.5,12.32,18.25,20.07,14.78,20.6,11.43,16.18,29.3,19.57,41.53,33.98,34.3,26.65,45.47,33.43,32.77,22.48,20.05,29.52,13.75,8.6,20.12,31.53,14.77
PS234,7.53,18.13,7.42,1.42,13.03,21.5,23.32,18.03,23.83,14.68,19.43,31.77,22.82,44,37.23,36.77,29.9,47.93,35.9,35.23,24.95,23.3,31.98,16.22,10.97,23.05,34,17.23
PS122,9.18,18.7,3.5,5.7,13.73,18.97,20.78,15.5,21.3,12.15,16.9,32.35,20.28,44.58,34.7,37.33,27.37,48.5,36.47,35.8,25.52,20.77,32.55,16.78,11.63,23.05,34.58,17.8
PS235,8.8,19.38,3.93,4.97,13.37,19.65,21.47,16.18,21.98,12.83,17.58,33.02,20.97,45.27,35.38,38.02,28.05,49.18,37.15,36.48,26.2,21.45,33.23,17.47,12.32,22.68,35.25,18.48
PS84,6.6,19.23,4.2,2.68,12.78,21.22,23.03,17.75,23.55,14.4,19.15,32.88,22.53,45.12,36.95,37.87,29.62,49.05,37.02,36.33,26.07,23.02,33.08,17.32,12.18,22.1,34.15,18.35
PS236,4.77,17.95,6.13,2.72,10.95,22.93,24.75,19.45,25.27,16.12,20.87,31.58,24.25,43.82,38.67,36.58,31.33,47.75,35.7,35.03,24.77,24.73,31.8,16.03,10.78,20.27,32.32,17.05
PS237,8.12,16.85,6.9,2.2,13.52,19.45,21.25,15.97,21.78,12.62,17.37,30.5,20.75,42.73,35.18,35.48,27.83,46.67,34.62,33.95,23.67,21.25,30.7,14.93,9.8,21.3,32.73,15.97
PS50,8.58,17.27,5.88,3.35,13.93,19.33,21.15,15.85,21.67,12.5,17.25,30.92,20.63,43.15,35.07,35.9,27.72,47.08,35.03,34.37,24.1,21.13,31.12,15.35,10.22,21.73,33.15,16.38
PS85,6.2,19.1,4.92,2.08,12.38,21.08,22.9,17.62,23.42,14.27,19.02,32.75,22.4,44.98,36.82,37.73,29.48,48.92,36.88,36.2,25.93,22.88,32.95,17.18,12.05,21.7,33.75,18.22
PS86,7.23,18.77,4.35,2.9,13.12,20.75,22.55,17.27,23.08,13.92,18.67,32.42,22.05,44.65,36.48,37.4,29.13,48.57,36.53,35.87,25.58,22.55,32.62,16.85,11.7,22.43,34.48,17.87
PS16,8.13,20.67,0.95,5.93,12.7,20.93,22.75,17.47,23.27,14.12,18.87,34.32,22.25,46.55,36.67,39.3,29.33,50.48,37.47,36.78,27.25,22.73,34.52,18.45,13.6,22.02,34.07,19.77
PS238,30.32,16.52,35.32,32.8,26.5,46.15,45,42.68,48.48,39.33,44.08,26.73,47.47,38.97,46.57,38.63,41.63,42.9,43.73,43.05,32.78,47.95,14.3,18.57,25.57,32.27,41.83,17
PS239,29.65,19.43,34.65,32.75,25.83,46.12,47.92,42.63,48.45,39.28,44.03,29.65,47.42,41.88,49.5,41.55,44.55,45.82,43.07,42.38,32.12,47.9,12.92,17.9,28.5,31.6,41.17,20.92
PS240,22.52,12.28,27.62,24.28,23.08,37.65,34.2,34.17,39.98,30.82,35.57,22.02,38.95,34.25,30.57,22.62,27.02,35.52,44.2,43.52,33.25,39.43,24.48,24.5,17.07,30.88,42.3,11.33
PS241,15.25,10.28,21.33,17.65,12.58,31.45,33.27,27.98,33.78,24.63,29.38,28.25,32.77,40.48,41.18,33.25,36.23,44.42,33.75,33.08,22.82,33.25,27.05,8.27,10.83,20.38,31.87,13.42
PS242,24.7,12.4,29.8,26.47,25.27,39.82,39.67,36.35,42.17,32,37.75,12.88,41.13,25.12,37.08,26.85,35.3,29.05,46.38,45.7,35.43,41.62,11.62,26.68,19.25,33.07,44.48,12.72
PS51,15.87,3.5,20.97,17.63,16.43,30.98,32.8,27.52,33.32,24.17,28.92,22.52,32.3,34.75,34.78,26.83,29.83,38.68,37.53,36.87,26.58,32.78,21.18,17.3,10.4,24.22,35.65,5.68
PS123,19.53,3.93,24.65,21.32,20.1,34.67,36.12,31.18,37,27.83,32.6,22.52,35.98,34.75,36.7,28.77,31.75,38.68,41.22,40.55,30.27,36.47,18.17,20.97,14.08,27.9,39.32,5.42
PS124,19.35,3.75,24.45,21.12,19.92,34.47,35.93,30,36.8,27.65,32.4,20.62,35.78,32.85,36.5,28.57,31.57,36.78,41.02,40.35,30.08,36.27,16.27,19.22,13.88,27.72,39.13,5.23
PS125,16.88,4.2,21,18.67,17.47,32.02,28.98,28.53,34.35,25.2,29.95,19.13,33.33,31.37,29.57,21.62,24.62,34.52,38.57,37.9,27.62,33.82,19.27,18.88,11.43,25.25,36.68,2.37
PS126,16.45,4.5,21.55,18.22,17.02,31.58,31.42,28.1,33.92,24.75,29.5,17.62,32.88,29.85,31,24.05,27.05,33.78,38.13,37.45,27.18,33.37,17.75,18.43,10,24.82,36.23,2.65
PS243,15.92,5.65,21.02,17.7,16.48,31.05,30.88,27.57,33.38,24.22,28.97,17.02,32.35,29.25,31.47,23.52,26.52,33.18,37.6,36.93,26.65,32.85,17.23,17.92,10.47,24.28,35.7,3.8
PS244,14.63,3.42,19.75,16.42,15.2,29.77,30.55,26.28,32.1,22.93,27.68,18.88,31.08,31.12,31.13,23.2,26.18,35.05,36.32,35.65,25.37,31.57,19.02,16.63,9.18,23,34.42,3.67
PS245,25.13,16.2,29.45,26.03,25.7,24.32,22.53,26.07,29.62,22.75,28.77,28.23,32.17,31.52,19.25,15.47,12.85,28.37,46.8,46.13,35.87,29.13,28.37,27.12,19.67,33.5,44.92,14.48
PS246,27.53,16.87,32.63,29.32,28.1,41.82,39.33,39.18,44,35.83,40.58,19.93,43.97,32.17,33.47,24.05,30.35,36.1,49.22,48.53,38.27,44.45,25.03,29.52,22.08,35.9,47.32,15.92
PS127,11.88,17.9,7.78,5.77,14.57,17.83,19.65,14.35,20.17,11,15.77,31.55,19.15,43.78,33.57,36.53,26.22,47.72,35.67,34,24.73,19.63,31.75,15.98,10.85,22.37,33.78,17.02
PS87,8.35,14.37,13.38,9.58,11.02,23.42,25.22,19.93,25.75,16.58,21.33,28,24.72,40.25,39.15,32,31.8,44.17,32.13,31.47,21.18,25.22,28.22,12.45,7.3,18.82,30.23,13.47
PS128,13.02,19.07,15.12,9.23,17.32,25.8,27.62,22.32,28.13,18.98,23.73,32.38,27.12,44.62,41.2,37.37,33.85,48.55,39.2,38.53,28.25,27.6,32.58,19.52,8.45,25.88,37.32,17.85
PS129,11.68,17.7,9.48,6.4,14.37,19.57,21.38,16.08,21.9,12.73,17.48,31.35,20.88,43.58,35.3,35.72,27.95,47.52,35.47,34.8,24.52,21.37,31.55,15.78,10.63,22.15,33.58,16.8
PS247,16.52,22.9,11.82,11.28,19.55,18.73,20.55,15.25,21.07,11.9,16.3,36.53,20.05,48.77,34.47,34.62,27.12,47.52,40.67,39.98,29.72,20.53,36.73,20.97,15.83,27.35,38.77,21
PS130,14.87,22.58,8.95,10.97,19.25,22.87,24.67,19.38,25.2,16.03,20.78,36.23,24.17,48.47,38.6,41.22,31.25,52.4,40.37,39.68,29.42,24.65,36.43,20.67,15.53,27.05,38.47,21.7
PS131,12.52,22.12,4.73,9.22,17.07,22.38,24.2,18.92,24.72,15.57,20.32,35.77,23.7,47,38.12,40.75,30.78,51.92,39.88,39.22,28.93,24.18,35.97,20.2,15.05,26.38,37,21.22
PS88,17.77,23.78,13.4,12.53,20.45,18.7,20.5,15.22,21.03,11.87,15.25,37.43,20,49.67,34.43,41.13,27.08,53.6,41.55,40.88,30.6,20.48,37.63,21.87,16.72,28.23,39.67,22.88
PS132,16.02,22.03,11.52,10.78,18.7,16.93,18.75,13.47,19.28,10.12,14.52,35.68,18.25,47.92,32.67,39.38,25.33,51.85,39.8,39.13,28.85,18.73,35.88,20.12,14.97,26.48,37.92,21.13
PS133,10.67,17.05,5.5,5.43,13.7,17.32,19.13,13.83,19.65,10.48,15.25,30.68,18.63,42.92,33.05,35.68,25.72,46.85,34.82,34.15,23.87,19.12,30.9,15.13,9.98,21.5,32.92,16.15
PS134,20.57,26.58,17.62,15.32,23.23,21.48,23.3,18,23.82,13.03,14.58,40.22,19.95,52.45,37.22,46.5,29.87,56.38,44.35,43.67,33.4,23.28,40.42,24.65,19.52,31.03,42.45,25.68
PS248,21.53,17,19.67,16.25,24.08,24.37,19.07,20.88,26.7,16.27,22.28,29.03,25.68,40.63,28.37,24.6,21.03,37.5,45.18,44.52,34.25,26.17,29.17,25.5,14.28,31.88,43.3,15.28
PS135,17.3,20.03,15.43,12.02,19.97,21.17,21.9,17.68,23.5,13.07,19.08,32.08,22.47,44.22,31.95,28.18,24.62,41.08,41.08,40.42,30.13,22.97,32.22,21.4,14.38,27.77,39.18,18.32
PS249,27.32,18.38,25.5,22.07,27.88,23.95,17.88,21.33,27.6,17.17,23.18,30.42,26.57,34.27,22,18.23,14.67,31.13,48.98,48.32,38.03,27.05,30.55,29.3,20.48,35.67,47.1,16.67
PS136,13.13,20.08,18.13,17.88,9.32,31.42,33.23,27.95,33.75,24.6,29.35,33.73,32.73,45.97,46.67,38.72,39.82,49.9,22.38,21.72,13.02,33.22,33.93,9.65,14.17,12.73,20.5,19.2
PS137,8.65,16.85,13.63,13.4,4.83,28.18,29,24.7,30.52,21.35,26.12,30.48,29.5,42.73,43.42,35.48,36.57,46.65,27.27,26.6,17.15,29.98,30.7,8.88,10.93,11.83,23.88,15.95
PS250,13.85,22.05,18.83,18.6,10.03,33.38,35.2,29.9,35.72,26.55,31.3,35.68,34.68,47.92,48.62,40.68,41.77,51.85,27.32,26.63,20.12,35.18,35.9,12.73,16.12,7.4,19.88,21.15
PS251,10.18,18.4,15.18,14.95,6.38,29.73,31.53,26.25,32.07,22.9,27.65,32.03,31.03,44.27,44.97,37.03,38.12,48.2,23.42,22.75,16.62,31.53,32.23,9.25,12.47,10.15,20.03,17.5
PS138,11.47,18.48,16.45,16.22,7.65,29.82,31.63,26.35,32.15,22,27.75,32.13,31.13,44.37,45.07,37.12,38.22,48.3,25.75,25.08,15.42,31.62,32.33,8.05,12.57,11.07,22.6,17.6
PS139,9.15,17.37,14.15,13.92,5.35,28.7,30.5,25.22,31.03,21.87,26.62,31,30,43.23,43.93,35,37.08,47.17,24.53,23.85,16.12,30.5,31.22,8.75,11.43,9.6,21.13,16.47
PS252,35.72,42.7,40.72,40.48,31.92,54.03,55.85,50.55,56.37,47.2,51.97,56.33,55.35,68.58,69.27,61.33,62.42,72.5,8.4,9.02,25.7,55.83,56.55,32.32,36.78,26.52,7.87,41.8
PS253,36.18,43.17,41.18,40.95,32.37,54.5,56.3,51.02,56.83,47.67,52.42,56.8,55.8,69.03,69.73,61.8,62.88,72.97,16.73,17.33,31.8,56.28,57,32.77,37.23,22.6,7.67,42.27
PS254,27.25,35.45,32.25,32.02,23.43,46.8,48.6,43.32,49.13,39.97,44.72,49.1,48.1,61.33,62.03,54.08,55.18,65.27,14.15,14.77,27.17,48.58,49.3,26.15,29.53,13.55,5.08,34.57
PS255,30.32,37.3,35.32,35.08,26.5,48.63,50.43,45.15,50.97,41.8,46.55,50.93,49.93,63.17,63.87,55.93,57.02,67.1,5.28,5.98,22.45,50.42,51.13,26.9,31.37,25.28,7.38,36.4
PS140,25.32,32.28,30.32,30.07,21.5,43.62,45.43,40.15,45.95,36.8,41.55,45.93,44.93,58.17,58.87,50.92,52.02,62.1,11.83,11.48,20.92,45.42,46.13,21.9,26.37,19.88,4.42,31.4
PS256,29.27,36.25,34.27,34.03,25.45,47.58,49.38,44.1,49.92,40.75,45.5,49.88,48.88,62.12,62.82,54.88,55.97,66.05,10.03,10.63,24.88,49.38,50.1,25.85,30.32,19.87,1.23,35.35
PS257,23.78,31.98,28.78,28.53,19.97,43.32,45.13,39.83,45.65,36.5,41.25,45.63,44.63,57.87,58.57,50.62,51.72,61.8,22.18,22.8,30.05,45.12,45.83,22.68,26.07,10.08,13.13,31.08
PS258,14.9,20.03,19.9,18,11.08,31.37,33.17,27.88,33.7,24.53,29.28,33.67,32.67,45.9,46.6,38.65,39.75,49.83,22.88,22.2,11.97,33.15,33.87,9.63,14.1,16.9,20.98,19.13
PS141,22.97,31.18,27.97,27.73,19.17,42.52,44.32,39.03,44.85,35.68,40.43,44.82,43.82,57.05,57.75,49.82,50.9,60.98,31.02,31.63,29.23,44.32,45.02,21.87,25.25,8.25,21.95,30.28
PS142,19.62,27.82,24.62,24.37,15.8,39.15,40.97,35.68,41.48,32.33,37.08,41.47,40.47,53.7,54.4,46.45,47.55,57.63,26.98,27.58,25.88,40.95,41.67,18.52,21.9,4.88,17.92,26.93
PS143,19.03,27.23,24.03,23.8,15.22,38.57,40.38,35.1,40.92,31.75,36.5,40.88,39.88,53.12,53.82,45.87,46.97,57.05,28.82,29.42,25.3,40.37,41.08,17.93,21.32,4.32,19.75,26.35
PS144,17.78,25.98,22.78,22.53,13.97,37.32,39.13,33.83,39.65,30.5,35.25,39.63,38.63,51.87,52.57,44.62,45.72,55.8,27.55,28.17,24.05,39.12,39.83,16.68,20.07,0.9,18.5,25.08
PS145,15.03,23.25,20.03,19.8,11.23,34.58,36.38,31.1,36.92,27.75,32.5,36.88,35.88,49.12,49.82,41.88,42.97,53.05,29.3,28.62,21.3,36.37,37.08,13.93,17.32,6.32,20.93,22.35
PS259,18.53,26.75,23.53,23.3,14.72,38.08,39.88,34.6,40.42,31.25,36,40.38,39.38,52.62,53.32,45.37,46.47,56.55,29.48,30.1,24.8,39.87,40.58,17.43,20.82,1.8,20.42,25.85
PS89,10.9,9.25,16,12.67,11.47,26.03,27.83,22.55,28.37,19.2,23.95,22.9,27.33,35.13,35.83,27.88,30.88,39.07,32.58,31.9,21.63,27.82,23.1,12.88,3.93,19.27,30.68,8.37
PS52,7.95,12.93,12.37,9.03,10.72,22.38,24.2,18.9,24.72,15.55,20.32,26.57,23.7,38.8,38.12,31.57,30.77,42.73,31.83,31.17,20.88,24.18,26.78,12.15,3.02,18.52,29.93,12.03
PS146,13.33,11.32,18.33,14.73,13.9,28.35,30.17,24.87,30.68,21.52,26.27,24.3,29.67,36.53,37.23,29.3,32.28,40.47,35,34.33,24.07,30.15,24.5,15.32,4.98,21.7,33.12,9.77
PS147,15.88,15.92,15.12,11.7,18.42,25.15,25.17,21.67,27.48,18.32,23.07,28.9,26.45,41.13,34.47,30.68,27.12,43.58,39.52,38.85,28.57,26.95,29.1,19.83,7.9,26.2,37.63,14.35
PS148,12.38,14.05,16.27,10.38,13.95,26.38,28.2,22.9,28.72,19.55,24.3,27.7,27.68,39.93,38.92,32.68,31.58,43.87,35.07,34.38,24.12,28.18,27.9,15.37,3.45,21.75,33.17,13.17
PS90,6.93,12.35,11.35,8.02,9.7,21.37,23.18,17.88,23.7,14.55,19.3,25,22.68,38.23,37.1,30.98,29.77,42.17,30.82,30.15,19.87,23.17,26.2,11.13,3.9,17.5,28.92,11.47
PS260,20.95,10.48,25.95,24.1,17.13,37.45,39.27,33.97,39.78,30.62,35.37,28.45,38.77,40.68,41.38,33.43,36.43,44.6,36.93,36.27,25,39.25,23.45,9.05,15.87,24.93,35.05,13.6
PS261,13.43,17.17,18.43,16.58,9.62,29.93,31.75,26.45,32.27,23.1,27.85,32.23,31.23,44.47,45.17,37.23,38.32,48.4,29.35,28.68,18.4,31.73,28.95,3.02,12.68,17.42,27.47,17.7
PS262,15.33,20.45,20.33,18.43,11.52,31.8,33.6,28.32,34.13,24.97,29.72,34.1,33.1,46.33,47.03,39.08,40.18,50.27,27.83,27.15,17.78,33.58,32.18,8.98,14.53,17.28,25.93,19.57
PS149,16.15,14.62,21.15,19.3,12.33,32.65,34.47,29.17,34.98,25.83,30.58,32.58,33.97,44.82,45.52,37.57,40.57,48.73,32.07,31.4,21.13,34.45,25.42,4.92,15.4,20.13,30.18,17.73
PS263,10.33,15.5,15.32,13.47,6.52,26.83,28.63,23.35,29.17,20,24.75,29.13,28.13,41.37,42.07,34.12,35.22,45.3,27.68,27,16.73,28.62,29.33,4.1,9.57,14.32,25.78,14.6
PS264,11.38,16.55,16.38,14.53,7.57,27.88,29.7,24.4,30.22,21.05,25.8,30.18,29.18,42.42,43.12,35.18,36.27,46.35,28.73,28.07,17.78,29.68,30.4,5.62,10.62,15.37,26.85,15.65
PS150,9.45,13.87,15.53,11.85,10.22,27.12,28.92,23.63,29.45,20.28,25.03,27.52,28.42,39.75,40.45,32.5,35.5,43.68,31.38,30.72,20.43,28.92,27.72,7.1,7.95,18.02,29.5,12.98
PS265,13.93,12.32,19.38,16.05,14.92,29.42,31.22,25.93,31.75,22.58,27.33,27.05,30.72,39.28,39.98,32.03,35.03,43.22,36.1,35.42,25.15,31.2,27.25,11.82,8.97,22.72,34.2,12.52
PS151,10.17,11.12,16.27,12.57,10.72,26.5,28.3,23.02,28.83,19.67,24.42,24.77,27.8,36,37.7,29.75,32.75,40.92,31.83,31.15,20.88,28.28,24.97,12.13,4.45,18.52,29.93,10.22
PS152,8.9,11.77,13.32,9.98,10.13,23.33,25.15,19.87,25.67,16.52,21.27,25.42,24.65,37.65,38.35,30.4,31.73,41.58,32.77,32.1,21.82,25.13,25.62,10.95,5.13,19.45,30.88,10.88
PS153,10.87,12.6,16.32,12,12.05,26.35,28.15,22.87,28.68,19.52,24.27,26.23,27.65,38.47,39.17,31.22,34.22,42.4,33.58,32.92,22.63,28.15,26.43,10.95,6.22,20.27,31.7,11.7
PS266,12.95,10.77,18.07,14.73,13.52,28.08,29.9,24.6,30.42,21.25,26.02,24.95,29.4,37.18,37.88,29.95,32.93,41.12,34.63,33.97,23.68,29.88,25.17,11.58,7.45,21.32,32.75,10.42
PS267,39.98,28.82,44.97,42.88,36.17,56.23,56.07,52.77,58.57,49.42,54.17,31.75,57.55,43.98,55.93,45.72,51.7,47.92,53.38,52.72,36,58.03,15.22,28.57,35.65,41.93,51.5,29.13
PS268,30.5,23.62,35.5,33.62,26.68,46.97,48.78,43.48,49.3,40.13,44.88,33.08,48.27,45.32,53.67,45.73,48.73,49.23,43.92,43.23,32.17,48.77,16.43,22.08,29.7,32.45,42.02,25.1
PS269,32.88,38.02,37.88,35,29.07,49.35,51.15,45.87,51.68,42.52,47.27,51.65,50.65,63.88,64.58,56.65,57.73,67.82,31,31.32,12.02,51.13,43.45,27.62,32.08,34.88,36.25,37.12
PS270,27.9,33.03,32.9,31.02,24.08,44.37,46.17,40.88,46.7,37.53,42.28,46.67,45.67,58.9,59.6,51.67,52.75,62.83,27.02,26.33,7.03,46.17,42.83,22.63,27.1,29.9,31.27,32.13
PS271,36.17,41.3,41.17,39.27,32.35,52.63,54.43,49.15,54.97,45.8,50.55,54.93,53.93,67.17,67.87,59.92,61.02,71.1,35.93,35.27,15.97,54.42,41.03,29.82,35.37,38.12,40.18,40.4
PS272,41.18,28.88,46.28,42.95,40.82,56.32,56.15,52.83,58.65,49.48,54.23,31.82,57.62,44.05,56.02,45.78,51.78,47.98,58.03,57.37,47.08,58.1,14.55,32.88,35.73,46.58,56.15,29.2
PS154,28.73,16.45,33.85,30.52,29.32,43.87,43.7,40.4,46.2,37.05,41.8,19.38,45.18,31.62,43.57,33.33,39.33,35.55,50.42,49.75,39.47,45.67,3.55,26.02,23.28,37.1,48.53,16.77
PS91,29.32,17.02,34.42,31.08,29.88,44.45,44.28,40.97,46.78,37.62,42.37,19.95,45.75,32.18,44.15,33.92,39.92,36.12,50.63,49.95,39.68,46.23,4.93,23.7,23.87,37.68,48.73,17.33
PS30,31.48,19.18,36.58,33.27,32.05,46.62,46.45,43.13,48.95,39.78,44.53,22.12,47.92,34.35,46.32,36.08,42.08,38.28,51.8,51.13,40.85,48.42,1.63,26.17,26.03,39.85,49.92,19.5
PS155,34.15,21.85,39.25,35.93,34.72,49.28,49.12,45.8,51.62,42.45,47.2,24.78,50.58,37.02,48.98,38.75,44.75,40.95,55.75,55.07,44.8,51.07,3.88,29.58,28.7,42.52,53.85,22.17
PS156,29.77,17.47,34.87,31.53,30.33,44.9,44.73,41.42,47.23,38.07,42.82,20.4,46.2,32.63,44.6,34.37,40.37,36.57,51.45,50.77,40.5,46.68,3.63,27.43,24.32,38.13,49.55,17.78
PS273,34.13,21.83,39.23,35.9,34.7,49.25,49.08,45.78,51.58,42.43,47.18,24.77,50.57,36,48.95,38.73,44.72,40.93,54.62,53.95,43.67,51.05,3.85,28.45,28.67,42.5,52.72,22.15
PS157,29.6,17.3,34.7,31.37,30.17,44.72,44.55,41.25,47.05,37.9,42.65,20.23,46.03,32.47,44.42,34.2,40.18,36.4,51.27,50.6,40.32,46.52,6.22,27.22,24.13,37.95,49.38,17.62
PS274,31.17,18.38,36.28,32.95,31.73,46.3,46.13,42.82,48.63,39.47,44.23,22.53,47.62,34.77,46.72,36.5,41.77,38.7,49.03,48.35,38.08,48.1,8.25,22.1,25.72,37.57,47.13,18.7
PS275,34.4,23.73,39.4,37.52,30.58,50.87,52.68,47.38,53.2,44.03,48.78,28.83,52.17,41.07,53.03,42.8,48.8,45,47.82,47.13,36.87,52.67,12.3,22.65,32.75,36.35,45.92,25.22
PS276,37.8,25.52,42.9,39.58,38.37,52.93,52.77,49.45,55.27,46.1,50.85,28.43,54.23,40.67,52.63,42.4,48.4,44.6,58.32,57.65,47.38,54.73,11.17,32.48,32.35,46.17,56.43,25.82
